{"null": 1740934814.798995, "127.0.0.1": 1740937191.8976688}